,Unnamed: 0,weather,visibility,dt,timezone,rain,pressure,humidity,sea_level,grnd_level,speed,deg,gust,type,id.1,country,sunrise,sunset,lon,lat,all,temp_c,feels_like_c,temp_min_c,temp_max_c,City
0,0,"[{'id': 803, 'main': 'Clouds', 'description': 'broken clouds', 'icon': '04d'}]",10000,2021-11-06 15:07:04,3600,,1020,86,,,4.92,233,8.94,2,2011826,Netherlands,06:45:34,16:02:35,4.8897,52.374,75,11.420000000000016,10.860000000000014,9.920000000000016,12.939999999999998,Amsterdam
1,1,"[{'id': 804, 'main': 'Clouds', 'description': 'overcast clouds', 'icon': '04d'}]",10000,2021-11-06 15:07:05,3600,,1022,85,,,3.13,202,7.15,2,2011892,Netherlands,06:42:57,16:02:19,5.25,52.0,100,10.930000000000007,10.300000000000011,9.430000000000007,12.260000000000048,Utrecht
2,2,"[{'id': 803, 'main': 'Clouds', 'description': 'broken clouds', 'icon': '04d'}]",10000,2021-11-06 15:06:23,3600,,1022,81,,,8.23,220,,1,1541,Netherlands,06:45:48,16:05:38,4.4792,51.9225,75,11.160000000000025,10.450000000000045,9.53000000000003,12.770000000000039,Rotterdam
3,3,"[{'id': 803, 'main': 'Clouds', 'description': 'broken clouds', 'icon': '04d'}]",10000,2021-11-06 15:07:05,3600,,1023,91,,,9.77,200,,1,1553,Netherlands,06:47:59,16:10:23,3.6139,51.5,75,11.210000000000036,10.760000000000048,9.430000000000007,11.640000000000043,Middelburg
4,4,"[{'id': 804, 'main': 'Clouds', 'description': 'overcast clouds', 'icon': '04d'}]",10000,2021-11-06 15:07:05,3600,,1024,83,,,7.2,200,,1,1527,Netherlands,06:40:21,16:03:11,5.4667,51.4333,90,9.930000000000007,6.7900000000000205,9.03000000000003,11.03000000000003,Eindhoven
5,5,"[{'id': 804, 'main': 'Clouds', 'description': 'overcast clouds', 'icon': '04d'}]",10000,2021-11-06 15:07:05,3600,,1026,86,,,0.45,249,0.89,2,2007732,Netherlands,06:37:44,16:04:02,5.6889,50.8483,90,9.939999999999998,9.939999999999998,8.600000000000023,11.850000000000023,Maastricht
6,6,"[{'id': 804, 'main': 'Clouds', 'description': 'overcast clouds', 'icon': '04d'}]",10000,2021-11-06 15:07:05,3600,,1022,84,,,6.71,210,0.0,2,2035042,Netherlands,06:40:15,15:59:49,5.9,51.9667,90,10.450000000000045,9.740000000000009,9.480000000000018,11.650000000000034,Arnhem
7,7,"[{'id': 804, 'main': 'Clouds', 'description': 'overcast clouds', 'icon': '04d'}]",10000,2021-11-06 15:07:06,3600,,1021,88,,,2.24,179,6.71,2,2005554,Netherlands,06:41:11,15:57:20,6.0936,52.5126,100,10.610000000000014,10.020000000000039,9.939999999999998,11.189999999999998,Zwolle
8,8,"[{'id': 804, 'main': 'Clouds', 'description': 'overcast clouds', 'icon': '04d'}]",10000,2021-11-06 15:07:06,3600,,1021,86,,,3.58,120,5.36,2,2009786,Netherlands,06:43:39,15:59:49,5.475,52.5083,100,11.129999999999995,10.54000000000002,9.990000000000009,13.010000000000048,Lelystad
9,9,"[{'id': 803, 'main': 'Clouds', 'description': 'broken clouds', 'icon': '04d'}]",10000,2021-11-06 15:07:06,3600,,1020,79,,,4.02,189,8.49,2,2002477,Netherlands,06:40:52,15:53:54,6.5625,52.9967,75,10.370000000000005,9.53000000000003,9.920000000000016,11.590000000000032,Assen
10,10,"[{'id': 803, 'main': 'Clouds', 'description': 'broken clouds', 'icon': '04d'}]",10000,2021-11-06 15:09:06,3600,,1020,76,,,1.34,167,6.26,2,2018166,Netherlands,06:40:56,15:52:20,6.75,53.25,75,10.590000000000032,9.689999999999998,10.020000000000039,11.129999999999995,Groningen
11,11,"[{'id': 804, 'main': 'Clouds', 'description': 'overcast clouds', 'icon': '04d'}]",10000,2021-11-06 15:09:06,3600,,1020,91,,,4.63,210,,1,1536,Netherlands,06:44:33,15:56:15,5.8086,53.2014,90,10.82000000000005,10.330000000000041,10.020000000000039,12.010000000000048,Leeuwarden
12,12,"[{'id': 800, 'main': 'Clear', 'description': 'clear sky', 'icon': '01d'}]",10000,2021-11-06 15:08:49,3600,,1029,63,,,0.89,225,1.79,2,2041230,France,06:45:31,16:22:58,2.3488,48.8534,0,11.140000000000043,9.950000000000045,9.75,11.770000000000039,Paris
13,13,"[{'id': 803, 'main': 'Clouds', 'description': 'broken clouds', 'icon': '04d'}]",10000,2021-11-06 15:11:07,3600,,1025,76,,,0.89,215,3.13,2,2011132,France,06:47:38,16:15:10,3.0586,50.633,75,10.680000000000007,9.79000000000002,9.830000000000041,12.07000000000005,Lille
14,14,"[{'id': 800, 'main': 'Clear', 'description': 'clear sky', 'icon': '01d'}]",10000,2021-11-06 15:06:41,3600,,1020,46,,,3.13,279,4.47,2,80238,France,06:19:38,16:23:38,5.5,43.3333,1,14.460000000000036,13.160000000000025,10.860000000000014,16.610000000000014,Marseille
15,15,"[{'id': 801, 'main': 'Clouds', 'description': 'few clouds', 'icon': '02d'}]",10000,2021-11-06 15:07:21,3600,,1031,61,,,5.14,20,,1,6450,France,06:47:20,16:44:35,-0.5805,44.8404,20,12.53000000000003,11.430000000000007,12.150000000000034,12.990000000000009,Bordeaux
16,16,"[{'id': 800, 'main': 'Clear', 'description': 'clear sky', 'icon': '01d'}]",10000,2021-11-06 15:08:06,3600,,1031,62,,,2.06,280,,1,6574,France,06:56:54,16:43:02,-1.5833,47.1667,0,11.850000000000023,10.710000000000036,11.5,12.360000000000014,Nantes
17,17,"[{'id': 803, 'main': 'Clouds', 'description': 'broken clouds', 'icon': '04d'}]",10000,2021-11-06 15:11:07,3600,,1029,71,,,5.66,300,,1,6467,France,06:36:28,16:39:15,1.4437,43.6043,75,9.020000000000039,6.1200000000000045,6.4500000000000455,10.180000000000007,Toulouse
18,18,"[{'id': 801, 'main': 'Clouds', 'description': 'few clouds', 'icon': '02d'}]",10000,2021-11-06 15:09:36,3600,,1027,67,,,1.34,23,4.92,2,2007821,France,06:28:46,16:21:50,4.5833,45.75,17,7.830000000000041,7.3700000000000045,7.03000000000003,9.710000000000036,Lyon
19,19,"[{'id': 800, 'main': 'Clear', 'description': 'clear sky', 'icon': '01d'}]",10000,2021-11-06 15:07:48,3600,,1022,45,,,1.34,22,4.47,2,2038454,France,06:26:44,16:29:31,3.8772,43.6109,0,15.170000000000016,13.920000000000016,13.29000000000002,15.710000000000036,Montpellier
20,20,"[{'id': 800, 'main': 'Clear', 'description': 'clear sky', 'icon': '01d'}]",7000,2021-11-06 15:11:08,3600,,1029,70,,,3.09,150,,1,6590,France,06:29:44,16:08:12,6.1667,48.6667,0,9.390000000000043,7.730000000000018,6.470000000000027,12.180000000000007,Nancy
21,21,"[{'id': 804, 'main': 'Clouds', 'description': 'overcast clouds', 'icon': '04d'}]",10000,2021-11-06 15:11:08,3600,,1030,82,,,3.6,250,,1,6554,France,07:11:40,16:51:28,-4.4833,48.4,90,12.020000000000039,11.420000000000016,11.270000000000039,13.129999999999995,Brest
22,22,"[{'id': 803, 'main': 'Clouds', 'description': 'broken clouds', 'icon': '04d'}]",10000,2021-11-06 15:12:55,3600,,1015,79,,,6.71,215,8.05,2,2011538,Germany,06:11:55,15:28:04,13.4105,52.5244,75,10.460000000000036,9.620000000000005,9.520000000000039,11.160000000000025,Berlin
23,23,"[{'id': 803, 'main': 'Clouds', 'description': 'broken clouds', 'icon': '04d'}]",10000,2021-11-06 15:11:28,3600,,1020,88,,,7.2,220,,1,1263,Germany,06:28:55,15:38:21,10.0,53.55,75,9.700000000000045,6.5,9.050000000000011,10.160000000000025,Hamburg
24,24,"[{'id': 803, 'main': 'Clouds', 'description': 'broken clouds', 'icon': '04d'}]",10000,2021-11-06 15:12:52,3600,,1021,84,,,6.17,230,,1,1281,Germany,06:32:07,15:44:41,8.8078,53.0752,75,9.78000000000003,6.910000000000025,9.32000000000005,10.460000000000036,Bremen
25,25,"[{'id': 800, 'main': 'Clear', 'description': 'clear sky', 'icon': '01d'}]",10000,2021-11-06 15:13:08,3600,,1021,79,,,4.63,230,,2,2034345,Germany,06:26:09,15:43:15,9.7332,52.3705,0,10.03000000000003,9.150000000000034,8.78000000000003,11.25,Hannover
26,26,"[{'id': 800, 'main': 'Clear', 'description': 'clear sky', 'icon': '01d'}]",10000,2021-11-06 15:09:17,3600,,1024,72,,,5.36,250,5.36,2,2002751,Germany,06:12:25,15:35:51,12.375,51.342,0,10.610000000000014,9.610000000000014,8.879999999999995,11.57000000000005,Leipzig
27,27,"[{'id': 800, 'main': 'Clear', 'description': 'clear sky', 'icon': '01d'}]",10000,2021-11-06 15:09:27,3600,,1017,73,,,1.79,211,2.24,2,2040277,Germany,06:06:05,15:31:16,13.7383,51.0509,0,9.879999999999995,9.230000000000018,8.879999999999995,10.54000000000002,Dresden
28,28,"[{'id': 803, 'main': 'Clouds', 'description': 'broken clouds', 'icon': '04d'}]",10000,2021-11-06 15:13:09,3600,,1026,70,,,3.09,190,,2,2005976,Germany,06:32:56,15:58:44,6.95,50.9333,75,11.210000000000036,10.210000000000036,9.340000000000032,12.510000000000048,Keulen
29,29,"[{'id': 701, 'main': 'Mist', 'description': 'mist', 'icon': '50d'}]",5000,2021-11-06 15:09:52,3600,,1028,93,,,1.54,130,,1,1274,Germany,06:17:59,15:55:52,9.177,48.7823,75,6.4500000000000455,5.550000000000011,4.890000000000043,9.53000000000003,Stuttgart
30,30,"[{'id': 800, 'main': 'Clear', 'description': 'clear sky', 'icon': '01d'}]",10000,2021-11-06 15:13:09,3600,,1028,70,,,0.89,68,2.68,2,2002112,Germany,06:06:41,15:47:59,11.5755,48.1374,5,8.140000000000043,8.140000000000043,4.180000000000007,9.210000000000036,München
31,31,"[{'id': 801, 'main': 'Clouds', 'description': 'few clouds', 'icon': '02d'}]",10000,2021-11-06 15:13:09,3600,,1028,88,,,2.57,340,,1,1268,Germany,06:12:13,15:46:30,11.0683,49.4478,20,6.480000000000018,4.600000000000023,4.990000000000009,8.650000000000034,Neurenberg
32,32,"[{'id': 800, 'main': 'Clear', 'description': 'clear sky', 'icon': '01d'}]",10000,2021-11-06 15:15:09,0,,1026,34,,,6.17,30,,1,6901,Portugal,07:08:57,17:31:24,-9.1333,38.7167,0,16.390000000000043,14.970000000000027,15.010000000000048,18.189999999999998,Lisbon
33,33,"[{'id': 800, 'main': 'Clear', 'description': 'clear sky', 'icon': '01d'}]",10000,2021-11-06 15:15:10,0,,1028,55,,,0.89,23,2.24,2,2020703,Portugal,07:11:34,17:24:35,-8.611,41.1496,0,15.260000000000048,14.28000000000003,14.550000000000011,16.470000000000027,Porto
34,34,"[{'id': 800, 'main': 'Clear', 'description': 'clear sky', 'icon': '01d'}]",10000,2021-11-06 15:15:10,0,,1024,39,,,4.12,120,,1,6892,Portugal,07:01:02,17:29:41,-7.9322,37.0194,0,16.879999999999995,15.640000000000043,16.879999999999995,16.879999999999995,Faro
35,35,"[{'id': 800, 'main': 'Clear', 'description': 'clear sky', 'icon': '01d'}]",10000,2021-11-06 15:15:10,0,,1028,54,,,3.24,24,4.9,2,2004836,Portugal,07:10:42,17:25:44,-8.6455,40.6443,0,16.680000000000007,15.810000000000002,15.080000000000041,17.0,Aveiro
36,36,"[{'id': 800, 'main': 'Clear', 'description': 'clear sky', 'icon': '01d'}]",10000,2021-11-06 15:15:10,0,,1027,45,1027.0,910.0,6.12,45,8.88,2,2005661,Portugal,07:04:58,17:20:26,-7.2658,40.5373,2,9.57000000000005,6.660000000000025,9.57000000000005,9.57000000000005,Guarda
37,37,"[{'id': 800, 'main': 'Clear', 'description': 'clear sky', 'icon': '01d'}]",10000,2021-11-06 15:15:10,0,,1027,36,1027.0,1017.0,4.55,37,7.07,2,2013564,Portugal,07:08:56,17:25:42,-8.4195,40.2056,0,16.82000000000005,15.5,15.580000000000041,18.379999999999995,Coimbra
38,38,"[{'id': 800, 'main': 'Clear', 'description': 'clear sky', 'icon': '01d'}]",10000,2021-11-06 15:15:11,0,,1025,38,,,5.14,60,,1,6884,Portugal,07:02:34,17:27:37,-7.8632,38.0151,0,14.54000000000002,13.04000000000002,14.54000000000002,14.54000000000002,Beja
39,39,"[{'id': 803, 'main': 'Clouds', 'description': 'broken clouds', 'icon': '04d'}]",10000,2021-11-06 15:17:11,0,,1014,85,,,2.68,250,7.6,2,2008599,United Kingdom,07:20:26,16:30:40,-2.9779,53.4106,75,12.830000000000041,12.390000000000043,11.580000000000041,13.760000000000048,Liverpool
40,40,"[{'id': 803, 'main': 'Clouds', 'description': 'broken clouds', 'icon': '04d'}]",10000,2021-11-06 15:17:11,0,,1015,89,,,1.34,72,2.68,2,2013239,United Kingdom,07:17:42,16:27:28,-2.2374,53.4809,75,12.0,11.580000000000041,10.879999999999995,13.210000000000036,Manchester
41,41,"[{'id': 803, 'main': 'Clouds', 'description': 'broken clouds', 'icon': '04d'}]",10000,2021-11-06 15:17:11,0,,1018,78,,,3.13,226,8.05,2,2016075,United Kingdom,07:13:06,16:29:22,-1.8998,52.4814,75,12.270000000000039,11.590000000000032,11.32000000000005,13.25,Birmingham
42,42,"[{'id': 803, 'main': 'Clouds', 'description': 'broken clouds', 'icon': '04d'}]",10000,2021-11-06 15:17:11,0,,1023,76,,,7.2,240,12.35,2,2019646,United Kingdom,07:02:59,16:25:18,-0.1257,51.5085,75,12.680000000000007,11.990000000000009,11.660000000000025,13.470000000000027,London
43,43,"[{'id': 803, 'main': 'Clouds', 'description': 'broken clouds', 'icon': '04d'}]",10000,2021-11-06 15:17:12,0,,1021,84,,,0.45,218,7.15,2,2032458,United Kingdom,07:08:15,16:29:04,-1.256,51.7522,75,12.03000000000003,11.480000000000018,11.060000000000002,13.590000000000032,Oxford
44,44,"[{'id': 500, 'main': 'Rain', 'description': 'light rain', 'icon': '10d'}]",10000,2021-11-06 15:17:12,0,{'1h': 0.87},1014,90,,,2.68,148,4.47,2,2031643,United Kingdom,07:14:17,16:24:43,-1.4659,53.383,96,11.600000000000023,11.170000000000016,10.75,13.100000000000023,Sheffield
45,45,"[{'id': 804, 'main': 'Clouds', 'description': 'overcast clouds', 'icon': '04d'}]",10000,2021-11-06 15:17:12,0,,1018,80,,,3.58,228,9.83,2,2037784,United Kingdom,07:04:08,16:22:12,0.1167,52.2,100,12.180000000000007,11.54000000000002,11.470000000000027,13.010000000000048,Cambridge
46,46,"[{'id': 803, 'main': 'Clouds', 'description': 'broken clouds', 'icon': '04d'}]",10000,2021-11-06 15:17:12,0,,1013,71,,,7.2,290,13.38,1,1376,United Kingdom,07:36:18,16:38:26,-5.9333,54.5833,75,12.730000000000018,11.910000000000025,11.379999999999995,12.900000000000034,Belfast
47,47,"[{'id': 500, 'main': 'Rain', 'description': 'light rain', 'icon': '10d'}]",10000,2021-11-06 15:17:12,0,{'1h': 0.17},1010,80,,,4.47,294,7.15,2,2041066,United Kingdom,07:34:17,16:27:02,-4.2576,55.8652,72,11.379999999999995,10.660000000000025,10.390000000000043,11.840000000000032,Glasgow
48,48,"[{'id': 804, 'main': 'Clouds', 'description': 'overcast clouds', 'icon': '04d'}]",10000,2021-11-06 15:17:13,0,,1023,85,,,4.47,196,10.73,2,2029649,United Kingdom,07:12:43,16:35:20,-2.5967,51.4552,90,12.590000000000032,12.120000000000005,11.879999999999995,13.860000000000014,Bristol
49,49,"[{'id': 803, 'main': 'Clouds', 'description': 'broken clouds', 'icon': '04d'}]",10000,2021-11-06 15:14:28,3600,,1027,84,,,4.63,210,,2,2005742,Belgium,06:43:06,16:09:23,4.3488,50.8504,75,9.590000000000032,7.220000000000027,8.710000000000036,10.450000000000045,Brussel
50,50,"[{'id': 803, 'main': 'Clouds', 'description': 'broken clouds', 'icon': '04d'}]",10000,2021-11-06 15:19:13,3600,,1026,66,,,6.17,210,,1,1214,Belgium,06:43:32,16:12:07,3.9523,50.4541,75,9.670000000000016,6.770000000000039,8.840000000000032,10.54000000000002,Bergen
51,51,"[{'id': 804, 'main': 'Clouds', 'description': 'overcast clouds', 'icon': '04d'}]",10000,2021-11-06 15:19:13,3600,,1024,79,1024.0,1023.0,6.48,223,12.37,2,2006939,Belgium,06:46:13,16:11:19,3.7167,51.05,100,10.400000000000034,9.560000000000002,8.860000000000014,11.620000000000005,Gent
52,52,"[{'id': 804, 'main': 'Clouds', 'description': 'overcast clouds', 'icon': '04d'}]",10000,2021-11-06 15:19:13,3600,,1025,83,1025.0,1023.0,6.66,220,13.17,2,2008944,Belgium,06:44:29,16:10:12,4.0735,50.9433,100,9.82000000000005,6.810000000000002,8.800000000000011,11.270000000000039, Aalst
53,53,"[{'id': 803, 'main': 'Clouds', 'description': 'broken clouds', 'icon': '04d'}]",10000,2021-11-06 15:19:13,3600,,1026,76,,,6.69,210,,1,1249,Belgium,06:37:35,16:05:08,5.5675,50.6337,75,9.78000000000003,6.75,8.520000000000039,10.770000000000039,Luik
54,54,"[{'id': 803, 'main': 'Clouds', 'description': 'broken clouds', 'icon': '04d'}]",10000,2021-11-06 15:19:14,3600,,1026,84,,,6.69,210,,2,2010413,Belgium,06:41:47,16:07:53,4.7009,50.8796,75,9.54000000000002,6.439999999999998,8.710000000000036,10.439999999999998,Leuven
55,55,"[{'id': 803, 'main': 'Clouds', 'description': 'broken clouds', 'icon': '04d'}]",10000,2021-11-06 15:19:14,3600,,1027,79,,,6.17,210,,1,1228,Belgium,06:41:26,16:10:15,4.4465,50.413,75,8.890000000000043,5.78000000000003,8.010000000000048,9.740000000000009,Charleroi
56,56,"[{'id': 804, 'main': 'Clouds', 'description': 'overcast clouds', 'icon': '04d'}]",10000,2021-11-06 15:19:01,3600,,1024,88,1024.0,1022.0,7.33,221,12.35,2,2006961,Belgium,06:48:40,16:12:49,3.2242,51.2089,100,10.960000000000036,10.410000000000025,9.939999999999998,12.170000000000016,Brugge
57,57,"[{'id': 804, 'main': 'Clouds', 'description': 'overcast clouds', 'icon': '04d'}]",10000,2021-11-06 15:19:14,3600,,1026,81,1026.0,1015.0,5.54,210,10.25,2,2039994,Belgium,06:39:55,16:08:25,4.8675,50.4669,100,9.340000000000032,6.560000000000002,8.310000000000002,10.020000000000039,Namen
58,58,"[{'id': 803, 'main': 'Clouds', 'description': 'broken clouds', 'icon': '04d'}]",10000,2021-11-06 15:15:10,3600,,1025,88,,,4.92,195,8.49,2,2000651,Belgium,06:43:58,16:08:04,4.4035,51.2199,75,9.650000000000034,7.180000000000007,8.840000000000032,11.03000000000003,Antwerpen
59,59,"[{'id': 500, 'main': 'Rain', 'description': 'light rain', 'icon': '10d'}]",10000,2021-11-06 15:21:14,3600,{'1h': 0.18},1010,86,1010.0,1004.0,7.11,231,13.13,1,1579,Denmark,06:41:51,15:30:12,9.402,56.4532,100,9.740000000000009,6.57000000000005,9.370000000000005,10.189999999999998,Viborg
60,60,"[{'id': 500, 'main': 'Rain', 'description': 'light rain', 'icon': '10n'}]",7000,2021-11-06 15:21:14,3600,{'1h': 0.25},1015,95,,,0.89,76,,2,2035645,Denmark,06:26:19,15:20:40,12.5346,55.6794,75,10.420000000000016,10.0,9.900000000000034,11.150000000000034,Frederiksberg
61,61,"[{'id': 500, 'main': 'Rain', 'description': 'light rain', 'icon': '10d'}]",10000,2021-11-06 15:18:17,3600,{'1h': 0.67},1011,84,1011.0,1007.0,6.43,236,12.51,2,2007450,Denmark,06:39:18,15:27:34,10.05,56.4667,100,9.710000000000036,6.740000000000009,9.520000000000039,10.410000000000025,Randers
62,62,"[{'id': 804, 'main': 'Clouds', 'description': 'overcast clouds', 'icon': '04d'}]",10000,2021-11-06 15:21:15,3600,,1014,85,1014.0,1012.0,7.2,240,13.41,2,2016321,Denmark,06:33:51,15:30:18,10.3883,55.3959,100,10.54000000000002,9.870000000000005,10.460000000000036,11.160000000000025,Odense
63,63,"[{'id': 500, 'main': 'Rain', 'description': 'light rain', 'icon': '10d'}]",7000,2021-11-06 15:19:01,3600,{'1h': 0.23},1015,95,,,0.89,76,,2,2005001,Denmark,06:26:11,15:20:33,12.5655,55.6759,75,10.580000000000041,10.170000000000016,9.939999999999998,11.189999999999998,Kopenhagen
64,64,"[{'id': 803, 'main': 'Clouds', 'description': 'broken clouds', 'icon': '04d'}]",10000,2021-11-06 15:21:15,3600,,1013,89,,,3.13,257,6.26,2,2037551,Denmark,06:41:53,15:37:47,8.45,55.4667,75,11.29000000000002,10.800000000000011,10.330000000000041,11.939999999999998,Esbjerg
65,65,"[{'id': 803, 'main': 'Clouds', 'description': 'broken clouds', 'icon': '04d'}]",10000,2021-11-06 15:21:15,3600,,1014,87,,,6.17,220,,1,1595,Denmark,06:37:53,15:33:37,9.4722,55.4904,75,10.920000000000016,10.340000000000032,10.379999999999995,11.610000000000014,Kolding
66,66,"[{'id': 804, 'main': 'Clouds', 'description': 'overcast clouds', 'icon': '04d'}]",10000,2021-11-06 15:21:15,3600,,1011,88,1011.0,1011.0,6.67,239,12.55,2,2001568,Denmark,06:37:27,15:28:08,10.2108,56.1567,100,10.439999999999998,9.840000000000032,9.650000000000034,11.120000000000005,Aarhus
67,67,"[{'id': 804, 'main': 'Clouds', 'description': 'overcast clouds', 'icon': '04d'}]",10000,2021-11-06 15:17:23,3600,,1010,93,,,3.58,218,5.36,2,2032444,Denmark,06:38:27,15:32:32,9.5357,55.7093,100,10.75,10.310000000000002,10.420000000000016,11.230000000000018,Vejle
68,68,"[{'id': 500, 'main': 'Rain', 'description': 'light rain', 'icon': '10d'}]",10000,2021-11-06 15:21:15,3600,{'1h': 0.1},1008,93,,,6.69,220,,1,1600,Denmark,06:42:10,15:25:45,9.9187,57.048,75,9.960000000000036,6.980000000000018,9.629999999999995,9.980000000000018,Aalborg
69,69,"[{'id': 800, 'main': 'Clear', 'description': 'clear sky', 'icon': '01d'}]",10000,2021-11-06 15:21:21,3600,,1025,33,,,3.58,338,5.36,2,2007545,Spain,06:50:28,17:06:26,-3.7026,40.4165,0,13.460000000000036,11.720000000000027,9.560000000000002,15.129999999999995,Madrid
70,70,"[{'id': 800, 'main': 'Clear', 'description': 'clear sky', 'icon': '01d'}]",10000,2021-11-06 15:20:24,3600,,1022,33,,,2.24,48,5.81,2,2011488,Spain,06:53:52,17:21:13,-5.9761,37.3824,0,17.78000000000003,16.480000000000018,16.29000000000002,18.879999999999995,Sevilla
71,71,"[{'id': 801, 'main': 'Clouds', 'description': 'few clouds', 'icon': '02d'}]",10000,2021-11-06 15:21:31,3600,,1021,47,,,1.79,180,3.58,2,2010336,Spain,06:46:27,17:16:11,-4.4203,36.7202,20,16.879999999999995,15.850000000000023,16.52000000000004,18.32000000000005,Málaga
72,72,"[{'id': 802, 'main': 'Clouds', 'description': 'scattered clouds', 'icon': '03d'}]",10000,2021-11-06 15:18:58,3600,,1032,61,,,0.45,32,0.45,2,2038329,Spain,06:53:13,16:57:27,-2.9253,43.2627,40,12.970000000000027,11.920000000000016,10.79000000000002,13.620000000000005,Bilbao
73,73,"[{'id': 803, 'main': 'Clouds', 'description': 'broken clouds', 'icon': '04d'}]",10000,2021-11-06 15:23:16,3600,,1020,23,1020.0,978.0,6.43,352,8.0,1,6425,Spain,06:37:04,17:02:12,-1.5,38.0,71,17.060000000000002,15.420000000000016,14.910000000000025,18.24000000000001,Murcia
74,74,"[{'id': 804, 'main': 'Clouds', 'description': 'overcast clouds', 'icon': '04d'}]",10000,2021-11-06 15:22:40,3600,,1015,63,,,3.58,46,5.81,2,2001128,Spain,06:23:23,16:42:41,2.6502,39.5694,98,15.010000000000048,14.210000000000036,14.560000000000002,15.050000000000011,Palma de Mallorca
75,75,"[{'id': 801, 'main': 'Clouds', 'description': 'few clouds', 'icon': '02d'}]",10000,2021-11-06 15:23:16,0,,1017,56,,,11.83,40,,1,2371,Spain,07:11:32,18:07:50,-14.0131,28.4204,20,21.439999999999998,21.100000000000023,21.439999999999998,21.439999999999998,Las Palmas
76,76,"[{'id': 800, 'main': 'Clear', 'description': 'clear sky', 'icon': '01d'}]",10000,2021-11-06 15:20:44,3600,,1020,39,,,3.58,130,7.6,2,18549,Spain,06:28:56,16:41:03,2.159,41.3888,0,17.439999999999998,16.260000000000048,15.110000000000014,19.610000000000014,Barcelona
77,77,"[{'id': 800, 'main': 'Clear', 'description': 'clear sky', 'icon': '01d'}]",10000,2021-11-06 15:21:52,3600,,1024,48,,,6.71,315,12.96,2,2030961,Spain,06:41:38,16:52:39,-0.8773,41.6561,0,12.470000000000027,11.03000000000003,10.82000000000005,16.730000000000018,Zaragoza
78,78,"[{'id': 800, 'main': 'Clear', 'description': 'clear sky', 'icon': '01d'}]",10000,2021-11-06 15:23:17,3600,,1020,20,1020.0,977.0,3.85,86,4.45,2,2008731,Spain,06:36:53,16:57:03,-0.8333,39.3333,4,16.53000000000003,14.760000000000048,15.120000000000005,17.28000000000003,Valencia
79,79,"[{'id': 803, 'main': 'Clouds', 'description': 'broken clouds', 'icon': '04d'}]",10000,2021-11-06 15:25:17,0,,1017,71,,,11.32,270,,1,1555,Ireland,07:45:21,16:49:40,-8.4694,54.2697,75,11.939999999999998,11.04000000000002,11.170000000000016,11.960000000000036,Sligo
80,80,"[{'id': 803, 'main': 'Clouds', 'description': 'broken clouds', 'icon': '04d'}]",10000,2021-11-06 15:25:17,0,,1020,76,1020.0,1019.0,9.18,284,13.24,1,1569,Ireland,07:44:17,16:55:22,-9.0489,53.2719,77,12.970000000000027,12.310000000000002,12.970000000000027,12.970000000000027,Galway
81,81,"[{'id': 803, 'main': 'Clouds', 'description': 'broken clouds', 'icon': '04d'}]",10000,2021-11-06 15:25:17,0,,1015,89,,,6.71,284,13.41,2,2016139,Ireland,07:33:23,16:44:01,-6.2672,53.344,75,14.150000000000034,13.939999999999998,13.210000000000036,14.980000000000018,Dublin
82,82,"[{'id': 701, 'main': 'Mist', 'description': 'mist', 'icon': '50d'}]",5000,2021-11-06 15:25:18,0,,1021,94,,,4.63,280,10.29,1,1552,Ireland,07:42:15,17:01:09,-9.5167,52.05,90,14.03000000000003,13.939999999999998,14.03000000000003,14.03000000000003,Killarney
83,83,"[{'id': 803, 'main': 'Clouds', 'description': 'broken clouds', 'icon': '04d'}]",10000,2021-11-06 15:25:18,0,,1021,94,,,7.2,250,,1,1563,Ireland,07:37:35,16:57:27,-8.4706,51.898,75,14.03000000000003,13.939999999999998,12.800000000000011,14.240000000000009,Cork
84,84,"[{'id': 804, 'main': 'Clouds', 'description': 'overcast clouds', 'icon': '04d'}]",10000,2021-11-06 15:25:18,0,,1020,85,1020.0,1019.0,8.11,291,14.59,1,1569,Ireland,07:40:37,16:55:39,-8.6231,52.6647,100,12.970000000000027,12.54000000000002,12.82000000000005,12.970000000000027,Limerick
85,85,"[{'id': 804, 'main': 'Clouds', 'description': 'overcast clouds', 'icon': '04d'}]",10000,2021-11-06 15:25:18,0,,1017,88,1017.0,1017.0,9.29,249,17.11,2,2003195,Ireland,07:31:05,16:45:19,-6.1414,52.7931,100,14.960000000000036,14.810000000000002,13.270000000000039,15.04000000000002,Arklow
86,86,"[{'id': 500, 'main': 'Rain', 'description': 'light rain', 'icon': '10d'}]",5000,2021-11-06 15:25:44,3600,{'1h': 0.49},1018,87,,,3.58,5,,2,2003237,Italy,05:39:25,15:53:51,14.25,40.8333,90,15.910000000000025,15.830000000000041,13.900000000000034,18.49000000000001,Napels
87,87,"[{'id': 800, 'main': 'Clear', 'description': 'clear sky', 'icon': '01d'}]",10000,2021-11-06 15:27:18,3600,,1022,88,,,1.34,90,3.58,2,2004823,Italy,05:29:34,15:42:53,16.8512,41.1177,0,15.390000000000043,15.28000000000003,13.260000000000048,18.150000000000034,Bari
88,88,"[{'id': 801, 'main': 'Clouds', 'description': 'few clouds', 'icon': '02d'}]",10000,2021-11-06 15:27:19,3600,,1025,69,,,0.89,281,1.79,2,2004497,Italy,05:58:23,15:57:25,11.4333,44.4667,20,12.090000000000032,11.160000000000025,8.080000000000041,15.620000000000005,Bologna
89,89,"[{'id': 803, 'main': 'Clouds', 'description': 'broken clouds', 'icon': '04d'}]",9000,2021-11-06 15:25:59,3600,,1016,75,,,3.6,90,,2,2037790,Italy,05:48:38,15:58:45,12.4839,41.8947,75,17.32000000000005,17.07000000000005,15.450000000000045,18.879999999999995,Rome
90,90,"[{'id': 800, 'main': 'Clear', 'description': 'clear sky', 'icon': '01d'}]",10000,2021-11-06 15:27:03,3600,,1024,46,,,0.89,285,3.13,2,2020320,Italy,06:09:39,16:04:06,9.1895,45.4643,0,13.610000000000014,12.230000000000018,11.060000000000002,15.170000000000016,Milaan
91,91,"[{'id': 802, 'main': 'Clouds', 'description': 'scattered clouds', 'icon': '03d'}]",10000,2021-11-06 15:25:38,3600,,1021,54,,,2.68,351,5.36,2,2010208,Italy,06:07:56,16:06:48,9.0667,44.5,31,9.760000000000048,8.420000000000016,5.740000000000009,11.760000000000048,Genua
92,92,"[{'id': 800, 'main': 'Clear', 'description': 'clear sky', 'icon': '01d'}]",10000,2021-11-06 15:27:19,3600,,1024,57,,,3.6,70,,1,6779,Italy,05:57:02,15:51:37,12.3267,45.4386,0,14.180000000000007,13.140000000000043,13.330000000000041,15.04000000000002,Venetië
93,93,"[{'id': 801, 'main': 'Clouds', 'description': 'few clouds', 'icon': '02d'}]",10000,2021-11-06 15:29:19,7200,,1020,60,,,0.0,0,,1,6638,Greece,05:09:43,15:31:56,20.7019,38.8275,20,22.950000000000045,22.870000000000005,22.950000000000045,22.950000000000045,Lefkada
94,94,"[{'id': 803, 'main': 'Clouds', 'description': 'broken clouds', 'icon': '04n'}]",10000,2021-11-06 15:29:19,7200,,1021,58,1021.0,989.0,1.05,322,1.21,2,2005099,Greece,05:05:13,15:19:04,22.8708,40.9919,76,18.27000000000004,17.670000000000016,17.110000000000014,19.52000000000004,Kilkis
95,95,"[{'id': 801, 'main': 'Clouds', 'description': 'few clouds', 'icon': '02n'}]",6000,2021-11-06 15:25:21,7200,,1022,88,,,0.0,0,,1,6629,Greece,05:04:22,15:23:31,22.4203,39.6372,20,16.939999999999998,16.99000000000001,16.52000000000004,16.939999999999998,Larisa
96,96,"[{'id': 800, 'main': 'Clear', 'description': 'clear sky', 'icon': '01n'}]",10000,2021-11-06 15:29:20,7200,,1021,72,,,1.54,300,,2,2035774,Greece,05:04:14,15:19:29,22.9439,40.6403,0,19.980000000000018,19.910000000000025,18.54000000000002,22.400000000000034,Thessaloniki
97,97,"[{'id': 804, 'main': 'Clouds', 'description': 'overcast clouds', 'icon': '04d'}]",10000,2021-11-06 15:27:53,7200,,1019,55,1019.0,1018.0,2.04,51,2.22,1,6641,Greece,05:04:30,15:28:53,21.7344,38.2444,99,22.02000000000004,21.710000000000036,20.99000000000001,23.150000000000034,Patras
98,98,"[{'id': 801, 'main': 'Clouds', 'description': 'few clouds', 'icon': '02n'}]",10000,2021-11-06 15:29:20,7200,,1019,87,,,2.57,320,,1,6616,Greece,04:45:42,15:20:25,25.1434,35.3279,20,19.730000000000018,20.03000000000003,18.82000000000005,22.090000000000032,Iraklion
99,99,"[{'id': 801, 'main': 'Clouds', 'description': 'few clouds', 'icon': '02n'}]",10000,2021-11-06 15:29:20,7200,,1016,73,,,0.89,234,0.89,2,2018805,Greece,04:56:05,15:21:27,23.7162,37.9795,20,21.78000000000003,21.920000000000016,19.860000000000014,23.54000000000002,Athene
100,100,"[{'id': 804, 'main': 'Clouds', 'description': 'overcast clouds', 'icon': '04d'}]",10000,2021-11-06 15:31:20,3600,,1022,82,,,4.63,60,,1,6392,Croatia,05:42:21,15:42:58,15.2422,44.1197,90,11.340000000000032,10.670000000000016,10.920000000000016,11.340000000000032,Zadar
101,101,"[{'id': 804, 'main': 'Clouds', 'description': 'overcast clouds', 'icon': '04n'}]",10000,2021-11-06 15:31:20,3600,,1029,94,1029.0,1017.0,0.6,135,1.29,2,2019496,Croatia,05:33:36,15:29:32,18.0156,45.1603,100,8.340000000000032,8.340000000000032,7.140000000000043,9.100000000000023,Slavonski Brod
102,102,"[{'id': 804, 'main': 'Clouds', 'description': 'overcast clouds', 'icon': '04d'}]",7000,2021-11-06 15:31:21,3600,,1022,94,,,1.54,10,,1,6387,Croatia,05:36:13,15:39:32,16.4392,43.5089,90,13.870000000000005,13.770000000000039,11.03000000000003,14.410000000000025,Split
103,103,"[{'id': 500, 'main': 'Rain', 'description': 'light rain', 'icon': '10n'}]",10000,2021-11-06 15:31:21,3600,{'1h': 0.53},1028,93,,,2.06,150,,1,6384,Croatia,05:31:48,15:25:55,18.6939,45.5511,100,8.689999999999998,7.610000000000014,7.900000000000034,10.689999999999998,Osijek
104,104,"[{'id': 500, 'main': 'Rain', 'description': 'light rain', 'icon': '10n'}]",10000,2021-11-06 15:31:21,3600,{'1h': 0.12},1028,73,1028.0,1013.0,0.47,134,0.63,2,2019340,Croatia,05:37:42,15:30:29,17.3839,45.8319,100,8.28000000000003,8.28000000000003,7.900000000000034,10.470000000000027,Virovitica
105,105,"[{'id': 800, 'main': 'Clear', 'description': 'clear sky', 'icon': '01d'}]",10000,2021-11-06 15:31:21,3600,,1024,56,,,3.13,149,5.36,2,2012765,Croatia,05:48:28,15:43:31,14.4092,45.3431,0,10.350000000000023,8.900000000000034,5.580000000000041,13.29000000000002,Rijeka
106,106,"[{'id': 801, 'main': 'Clouds', 'description': 'few clouds', 'icon': '02d'}]",10000,2021-11-06 15:31:21,3600,,1027,63,,,1.54,70,,2,2006646,Croatia,05:43:18,15:36:09,15.9775,45.8131,20,10.870000000000005,9.660000000000025,9.300000000000011,11.120000000000005,Zagreb
107,107,"[{'id': 803, 'main': 'Clouds', 'description': 'broken clouds', 'icon': '04d'}]",10000,2021-11-06 15:33:22,3600,,1028,81,,,3.09,320,,1,6877,Austria,05:59:56,15:42:59,13.044,47.7994,75,6.600000000000023,4.3700000000000045,4.1299999999999955,7.550000000000011,Salzburg
108,108,"[{'id': 800, 'main': 'Clear', 'description': 'clear sky', 'icon': '01n'}]",10000,2021-11-06 15:33:22,3600,,1029,64,,,0.45,45,0.89,2,2037452,Austria,05:47:39,15:28:38,16.3721,48.2085,0,9.390000000000043,9.390000000000043,6.840000000000032,10.870000000000005,Wenen
109,109,"[{'id': 801, 'main': 'Clouds', 'description': 'few clouds', 'icon': '02d'}]",10000,2021-11-06 15:33:22,3600,,1028,81,,,2.06,300,,2,2020332,Austria,05:56:55,15:38:05,14.0333,48.1667,20,7.3700000000000045,6.07000000000005,4.910000000000025,8.340000000000032,Wels
110,110,"[{'id': 800, 'main': 'Clear', 'description': 'clear sky', 'icon': '01d'}]",10000,2021-11-06 15:33:22,3600,,1027,70,,,1.03,0,,1,6872,Austria,06:05:10,15:50:56,11.3945,47.2627,0,3.590000000000032,3.590000000000032,-4.839999999999975,6.3799999999999955,Innsbruck
111,111,"[{'id': 801, 'main': 'Clouds', 'description': 'few clouds', 'icon': '02d'}]",10000,2021-11-06 15:33:22,3600,,1030,74,,,0.89,315,0.89,2,37904,Austria,05:56:16,15:36:42,14.2861,48.3064,20,7.78000000000003,7.78000000000003,5.590000000000032,8.710000000000036,Linz
112,112,"[{'id': 801, 'main': 'Clouds', 'description': 'few clouds', 'icon': '02d'}]",10000,2021-11-06 15:33:22,3600,,1028,76,,,2.06,300,,1,6874,Austria,05:56:16,15:37:07,14.2346,48.2266,20,7.670000000000016,6.420000000000016,5.4500000000000455,8.600000000000023,Traun
113,113,"[{'id': 804, 'main': 'Clouds', 'description': 'overcast clouds', 'icon': '04d'}]",10000,2021-11-06 15:33:22,3600,,1030,58,,,1.54,170,,1,6871,Austria,05:48:27,15:35:13,15.45,47.0667,90,9.050000000000011,8.520000000000039,7.830000000000041,10.03000000000003,Graz
114,114,"[{'id': 801, 'main': 'Clouds', 'description': 'few clouds', 'icon': '02d'}]",10000,2021-11-06 15:33:23,3600,,1028,78,,,2.57,250,,2,145123,Austria,06:12:23,15:56:55,9.7471,47.5031,20,6.770000000000039,4.939999999999998,4.82000000000005,8.430000000000007,Bregenz
115,115,"[{'id': 800, 'main': 'Clear', 'description': 'clear sky', 'icon': '01n'}]",10000,2021-11-06 15:35:23,10800,,1015,53,,,2.06,260,,1,6946,Turkey,04:07:58,14:36:59,35.2881,36.985,0,23.010000000000048,22.75,23.010000000000048,23.29000000000002,Adana
116,116,"[{'id': 800, 'main': 'Clear', 'description': 'clear sky', 'icon': '01n'}]",10000,2021-11-06 15:34:37,10800,,1023,53,,,1.54,270,,2,267643,Turkey,04:23:09,14:41:16,32.8543,39.9199,0,16.53000000000003,15.620000000000005,15.580000000000041,16.78000000000003,Ankara
117,117,"[{'id': 804, 'main': 'Clouds', 'description': 'overcast clouds', 'icon': '04n'}]",10000,2021-11-06 15:33:46,10800,,1023,65,1023.0,960.0,0.43,280,1.74,1,6982,Turkey,04:38:43,14:55:52,29.0833,40.1667,100,17.02000000000004,16.470000000000027,14.080000000000041,17.02000000000004,Bursa
118,118,"[{'id': 800, 'main': 'Clear', 'description': 'clear sky', 'icon': '01n'}]",10000,2021-11-06 15:35:23,10800,,1022,52,1022.0,827.0,1.65,38,1.61,1,6992,Turkey,03:48:42,14:06:34,41.5,40.0,0,7.82000000000005,7.0,7.82000000000005,7.82000000000005,Erzurum
119,119,"[{'id': 800, 'main': 'Clear', 'description': 'clear sky', 'icon': '01n'}]",10000,2021-11-06 15:35:23,10800,,1018,41,1018.0,922.0,3.19,15,3.2,1,6996,Turkey,03:45:20,14:10:01,41.4885,38.1938,0,14.140000000000043,12.680000000000007,14.140000000000043,14.75,Kozluk
120,120,"[{'id': 803, 'main': 'Clouds', 'description': 'broken clouds', 'icon': '04n'}]",6000,2021-11-06 15:35:24,10800,,1024,94,,,7.2,30,,1,6970,Turkey,04:40:50,14:54:33,28.9833,41.0351,75,14.879999999999995,14.879999999999995,14.680000000000007,17.05000000000001,Istanbul
121,121,"[{'id': 800, 'main': 'Clear', 'description': 'clear sky', 'icon': '01n'}]",10000,2021-11-06 15:35:24,10800,,1016,60,,,1.03,260,,1,6956,Turkey,04:25:53,14:55:37,30.7178,36.7741,0,21.33000000000004,21.090000000000032,21.33000000000004,21.33000000000004,Antalya
122,122,"[{'id': 800, 'main': 'Clear', 'description': 'clear sky', 'icon': '01n'}]",10000,2021-11-06 15:35:24,10800,,1022,32,1022.0,885.0,2.85,329,2.91,1,6957,Turkey,04:21:16,14:46:00,32.5,38.1667,8,14.710000000000036,13.07000000000005,14.710000000000036,14.710000000000036,Konya
123,123,"[{'id': 800, 'main': 'Clear', 'description': 'clear sky', 'icon': '01n'}]",10000,2021-11-06 15:35:24,10800,,1018,39,,,0.0,0,,1,6952,Turkey,03:59:43,14:28:29,37.3825,37.0594,0,16.960000000000036,15.730000000000018,16.960000000000036,19.810000000000002,Gaziantep
124,124,"[{'id': 800, 'main': 'Clear', 'description': 'clear sky', 'icon': '01n'}]",10000,2021-11-06 15:35:24,10800,,1019,71,,,3.09,310,,1,6979,Turkey,04:43:27,15:07:04,27.0923,38.4622,0,21.140000000000043,21.160000000000025,20.920000000000016,21.730000000000018,İzmir
125,125,"[{'id': 800, 'main': 'Clear', 'description': 'clear sky', 'icon': '01n'}]",10000,2021-11-06 15:34:30,7200,,1023,66,,,0.45,92,1.79,2,2037828,Romania,04:59:33,14:58:51,26.1063,44.4323,0,14.82000000000005,14.080000000000041,13.900000000000034,15.57000000000005,Boekarest
126,126,"[{'id': 800, 'main': 'Clear', 'description': 'clear sky', 'icon': '01n'}]",10000,2021-11-06 15:37:09,7200,,1028,76,,,1.03,0,,1,6913,Romania,05:15:04,15:03:23,23.6,46.7667,0,9.710000000000036,9.710000000000036,9.710000000000036,9.710000000000036,Cluj-Napoca
127,127,"[{'id': 800, 'main': 'Clear', 'description': 'clear sky', 'icon': '01n'}]",10000,2021-11-06 15:37:25,7200,,1026,77,,,4.63,330,,2,50401,Romania,04:50:27,14:46:25,28.8,45.1667,0,12.210000000000036,11.5,12.210000000000036,13.020000000000039,Tulcea
128,128,"[{'id': 803, 'main': 'Clouds', 'description': 'broken clouds', 'icon': '04n'}]",10000,2021-11-06 15:37:01,7200,,1026,74,1026.0,1022.0,3.04,30,4.97,1,6912,Romania,04:48:49,14:49:15,28.65,44.1833,77,13.379999999999995,12.710000000000036,12.610000000000014,13.379999999999995,Constanța
129,129,"[{'id': 800, 'main': 'Clear', 'description': 'clear sky', 'icon': '01n'}]",10000,2021-11-06 15:37:25,7200,,1028,67,,,1.54,310,,1,6916,Romania,05:00:03,14:46:25,27.6,47.1667,0,9.939999999999998,9.54000000000002,8.410000000000025,10.379999999999995,Iași
130,130,"[{'id': 800, 'main': 'Clear', 'description': 'clear sky', 'icon': '01n'}]",10000,2021-11-06 15:35:02,7200,,1028,93,,,1.03,0,,1,6926,Romania,05:22:07,15:15:19,21.2272,45.7494,0,9.160000000000025,9.160000000000025,8.950000000000045,10.100000000000023,Timișoara
131,131,"[{'id': 804, 'main': 'Clouds', 'description': 'overcast clouds', 'icon': '04n'}]",10000,2021-11-06 15:36:02,7200,,1023,79,,,0.45,292,1.34,2,38347,Romania,05:04:21,14:58:03,25.6061,45.6486,99,10.57000000000005,9.75,9.770000000000039,12.730000000000018,Brașov
132,132,"[{'id': 804, 'main': 'Clouds', 'description': 'overcast clouds', 'icon': '04n'}]",10000,2021-11-06 15:39:26,3600,,1028,69,1028.0,1018.0,1.46,108,1.51,2,268793,Hungary,05:27:39,15:18:26,20.1482,46.253,100,9.5,9.120000000000005,9.5,9.5,Szeged
133,133,"[{'id': 800, 'main': 'Clear', 'description': 'clear sky', 'icon': '01n'}]",10000,2021-11-06 15:39:26,3600,,1029,66,,,2.57,20,,1,6670,Hungary,05:41:15,15:24:56,17.6351,47.6833,0,9.930000000000007,8.689999999999998,7.560000000000002,10.180000000000007,Győr
134,134,"[{'id': 803, 'main': 'Clouds', 'description': 'broken clouds', 'icon': '04n'}]",10000,2021-11-06 15:39:26,3600,,1028,68,1028.0,1012.0,0.85,231,0.88,2,2031965,Hungary,05:29:43,15:11:17,20.7833,48.1,59,7.920000000000016,7.920000000000016,7.920000000000016,7.920000000000016,Miskolc
135,135,"[{'id': 800, 'main': 'Clear', 'description': 'clear sky', 'icon': '01n'}]",10000,2021-11-06 15:37:52,3600,,1028,63,,,1.03,190,,2,2009313,Hungary,05:35:09,15:19:47,19.0399,47.498,0,10.050000000000011,8.760000000000048,6.680000000000007,11.120000000000005,Budapest
136,136,"[{'id': 803, 'main': 'Clouds', 'description': 'broken clouds', 'icon': '04n'}]",10000,2021-11-06 15:39:26,3600,,1028,65,1028.0,1015.0,1.44,12,1.47,2,18978,Hungary,05:36:54,15:23:05,18.4103,47.1899,69,9.370000000000005,9.0,8.720000000000027,11.03000000000003,Székesfehérvár
137,137,"[{'id': 800, 'main': 'Clear', 'description': 'clear sky', 'icon': '01n'}]",10000,2021-11-06 15:39:26,3600,,1028,58,,,1.03,0,,1,6665,Hungary,05:24:51,15:09:20,21.6333,47.5333,0,10.870000000000005,9.53000000000003,10.060000000000002,11.060000000000002,Debrecen
138,138,"[{'id': 800, 'main': 'Clear', 'description': 'clear sky', 'icon': '01n'}]",10000,2021-11-06 15:39:27,3600,,1028,66,,,2.57,80,,1,6669,Hungary,05:34:54,15:26:29,18.2333,46.0833,0,9.980000000000018,8.75,7.410000000000025,9.980000000000018,Pécs
139,139,"[{'id': 802, 'main': 'Clouds', 'description': 'scattered clouds', 'icon': '03n'}]",10000,2021-11-06 15:41:27,7200,,1024,68,,,2.06,70,,1,6363,Bulgaria,05:00:04,15:09:12,24.75,42.15,40,19.03000000000003,18.760000000000048,18.04000000000002,20.170000000000016,Plovdiv
140,140,"[{'id': 803, 'main': 'Clouds', 'description': 'broken clouds', 'icon': '04n'}]",10000,2021-11-06 15:41:27,7200,,1026,76,,,1.03,0,,1,6367,Bulgaria,04:49:38,14:54:17,27.9167,43.2167,75,15.950000000000045,15.590000000000032,13.580000000000041,16.600000000000023,Varna
141,141,"[{'id': 802, 'main': 'Clouds', 'description': 'scattered clouds', 'icon': '03n'}]",10000,2021-11-06 15:41:27,7200,,1026,72,,,2.06,320,,1,6369,Bulgaria,05:03:17,15:07:03,24.6167,43.4167,40,15.970000000000027,15.5,15.970000000000027,15.970000000000027,Pleven
142,142,"[{'id': 800, 'main': 'Clear', 'description': 'clear sky', 'icon': '01n'}]",10000,2021-11-06 15:41:28,7200,,1025,75,,,1.54,310,,2,2034562,Bulgaria,05:06:55,15:13:45,23.3242,42.6975,0,14.53000000000003,14.0,12.830000000000041,19.08000000000004,Sofia
143,143,"[{'id': 802, 'main': 'Clouds', 'description': 'scattered clouds', 'icon': '03n'}]",10000,2021-11-06 15:41:28,7200,,1026,64,1026.0,1021.0,3.06,63,6.04,2,2032494,Bulgaria,04:58:49,15:00:40,25.9708,43.8564,25,15.29000000000002,14.550000000000011,14.689999999999998,15.800000000000011,Roese
144,144,"[{'id': 803, 'main': 'Clouds', 'description': 'broken clouds', 'icon': '04n'}]",10000,2021-11-06 15:41:28,7200,,1026,70,1026.0,997.0,2.6,25,4.91,2,2032300,Bulgaria,04:53:44,14:58:09,26.9229,43.2706,71,15.400000000000034,14.82000000000005,15.400000000000034,15.400000000000034,Shumen
145,145,"[{'id': 803, 'main': 'Clouds', 'description': 'broken clouds', 'icon': '04n'}]",10000,2021-11-06 15:41:28,7200,,1024,72,,,4.12,90,,1,6362,Bulgaria,04:53:45,15:01:31,26.5,42.4833,75,19.140000000000043,18.99000000000001,16.660000000000025,19.140000000000043,Yambol
146,146,"[{'id': 804, 'main': 'Clouds', 'description': 'overcast clouds', 'icon': '04n'}]",10000,2021-11-06 15:41:28,7200,,1024,76,1024.0,964.0,1.23,349,1.34,2,2033225,Bulgaria,05:08:35,15:17:09,22.6911,42.2839,97,14.840000000000032,14.360000000000014,14.840000000000032,16.150000000000034,Kyustendil
